{
  "hash": "9f428f44",
  "configHash": "e9dc96d0",
  "lockfileHash": "cd99be95",
  "browserHash": "ad1f2702",
  "optimized": {
    "vue": {
      "src": "../../node_modules/vue/dist/vue.runtime.esm-bundler.js",
      "file": "vue.js",
      "fileHash": "feaf18e1",
      "needsInterop": false
    },
    "pinia": {
      "src": "../../node_modules/pinia/dist/pinia.mjs",
      "file": "pinia.js",
      "fileHash": "7fc231d8",
      "needsInterop": false
    }
  },
  "chunks": {
    "chunk-SJGJBLN5": {
      "file": "chunk-SJGJBLN5.js"
    }
  }
}